FECDIA,LLAMADAS_INGRESADAS,DIA_SEMANA_DES,TIPOLOGIA,
20190202,19583,Sab,COSTADO,
20190228,30789,Jue,PICO,
20190503,30682,Vie,COSTADO,
20200102,8751,Jue,EFECTO F,
20200111,21552,Sab,NORMAL,
20200718,25971,Sab,NORMAL,
20201211,38035,Vie,NORMAL,
20210604,35547,Vie,NORMAL,
20210818,44494,Mie,NORMAL,
20210826,34796,Jue,NORMAL,
20211216,32091,Jue,COSTADO,
20170502,28136,Mar,EFECTO F,
20170623,14016,Vie,NORMAL,
20171031,23779,Mar,PICO,
20171114,21581,Mar,NORMAL,
20171209,15777,Sab,EFECTO F,
20180314,18786,Mie,NORMAL,
20180625,21734,Lun,NORMAL,
20180901,24086,Sab,COSTADO,
20200107,28620,Mar,NORMAL,
20200327,34669,Vie,NORMAL,
20200406,31186,Lun,NORMAL,
20200409,12877,Jue,FERIADO,
20200902,46774,Mie,COSTADO,
20200916,41799,Mie,NORMAL,
20200928,36476,Lun,NORMAL,
20201112,31579,Jue,NORMAL,
20210728,11271,Mie,FERIADO,
20211021,27620,Jue,NORMAL,
20211130,36125,Mar,PICO,
20170328,17949,Mar,NORMAL,
20170522,16275,Lun,NORMAL,
20170610,12597,Sab,NORMAL,
20180127,13188,Sab,NORMAL,
20180308,15301,Jue,NORMAL,
20180505,17877,Sab,NORMAL,
20180525,17547,Vie,NORMAL,
20180718,26421,Mie,NORMAL,
20181006,17512,Sab,NORMAL,
20181227,22536,Jue,NORMAL,
20190125,22905,Vie,NORMAL,
20200311,26703,Mie,NORMAL,
20200520,35625,Mie,NORMAL,
20201007,30840,Mie,NORMAL,
20201020,31588,Mar,NORMAL,
20201205,28582,Sab,NORMAL,
20201225,3138,Vie,FERIADO,
20210517,47745,Lun,NORMAL,
20210823,44019,Lun,NORMAL,
20211106,25536,Sab,NORMAL,
20170107,11386,Sab,NORMAL,
20170331,24043,Vie,PICO,
20180322,18051,Jue,NORMAL,
20180823,18198,Jue,NORMAL,
20180915,19172,Sab,COSTADO,
20191212,27050,Jue,NORMAL,
20200108,27228,Mie,NORMAL,
20200507,30484,Jue,NORMAL,
20200828,39968,Vie,PICO,
20201127,33339,Vie,NORMAL,
20201214,37063,Lun,PICO,
20210127,34914,Mie,NORMAL,
20210913,36054,Lun,NORMAL,
20211208,16985,Mie,FERIADO,
20170719,14400,Mie,NORMAL,
20181201,26750,Sab,COSTADO,
20211231,21160,Vie,PICO,
20190506,31839,Lun,NORMAL,
20191226,24920,Jue,EFECTO F,
20190325,22498,Lun,NORMAL,
20190403,30684,Mie,NORMAL,
20190620,22909,Jue,NORMAL,
20190712,24845,Vie,NORMAL,
20190904,39761,Mie,NORMAL,
20191224,17437,Mar,NORMAL,
20210918,19159,Sab,NORMAL,
20211011,45277,Lun,NORMAL,
20170220,19443,Lun,NORMAL,
20170515,23466,Lun,PICO,
20180321,17003,Mie,NORMAL,
20180430,27608,Lun,PICO,
20180720,20466,Vie,NORMAL,
20180926,20627,Mie,NORMAL,
20181017,23204,Mie,NORMAL,
20190410,20352,Mie,NORMAL,
20190920,22568,Vie,NORMAL,
20191218,29795,Mie,NORMAL,
20200909,34482,Mie,NORMAL,
20210223,26382,Mar,NORMAL,
20210810,41300,Mar,NORMAL,
20210921,26243,Mar,NORMAL,
20170421,17103,Vie,NORMAL,
20171221,17628,Jue,NORMAL,
20180424,18081,Mar,NORMAL,
20180606,17061,Mie,NORMAL,
20181020,14990,Sab,NORMAL,
20181218,23189,Mar,NORMAL,
20190305,25564,Mar,NORMAL,
20190619,24923,Mie,NORMAL,
20200203,42330,Lun,PICO,
20200901,49175,Mar,PICO,
20201221,39210,Lun,NORMAL,
20190603,38873,Lun,PICO,
20200608,52157,Lun,NORMAL,
20200618,38732,Jue,NORMAL,
20210219,25495,Vie,NORMAL,
20210301,41325,Lun,PICO,
20170607,17628,Mie,NORMAL,
20170804,18978,Vie,NORMAL,
20171116,21697,Jue,COSTADO,
20180404,22653,Mie,NORMAL,
20180724,20768,Mar,NORMAL,
20180803,22982,Vie,NORMAL,
20181019,19914,Vie,NORMAL,
20181026,20617,Vie,NORMAL,
20210120,35853,Mie,NORMAL,
20210215,35430,Lun,PICO,
20210218,27380,Jue,NORMAL,
20210222,29125,Lun,NORMAL,
20210806,43658,Vie,NORMAL,
20211112,31127,Vie,NORMAL,
20170202,19807,Jue,COSTADO,
20170828,18626,Lun,NORMAL,
20171012,23984,Jue,NORMAL,
20180223,19117,Vie,NORMAL,
20180822,20899,Mie,NORMAL,
20181005,22571,Vie,NORMAL,
20190408,24914,Lun,NORMAL,
20190928,21849,Sab,NORMAL,
20200208,19158,Sab,NORMAL,
20200309,29928,Lun,NORMAL,
20200428,30463,Mar,NORMAL,
20200812,31470,Mie,NORMAL,
20200904,44944,Vie,NORMAL,
20201219,30259,Sab,NORMAL,
20210210,28062,Mie,NORMAL,
20210909,27374,Jue,NORMAL,
20170313,21240,Lun,NORMAL,
20170404,20657,Mar,COSTADO,
20180219,17315,Lun,NORMAL,
20180412,20368,Jue,NORMAL,
20190213,18209,Mie,NORMAL,
20190725,26479,Jue,NORMAL,
20190810,21439,Sab,NORMAL,
20191209,25641,Lun,EFECTO F,
20200324,40751,Mar,NORMAL,
20200420,34202,Lun,NORMAL,
20200505,36070,Mar,COSTADO,
20200529,47829,Vie,NORMAL,
20200627,29773,Sab,NORMAL,
20210405,42615,Lun,PICO,
20210417,20058,Sab,NORMAL,
20211005,39293,Mar,NORMAL,
20170110,15444,Mar,NORMAL,
20170707,15495,Vie,NORMAL,
20180209,16419,Vie,NORMAL,
20180929,21436,Sab,PICO,
20191028,30723,Lun,NORMAL,
20191205,31259,Jue,NORMAL,
20210422,24862,Jue,NORMAL,
20210805,36412,Jue,NORMAL,
20210917,27754,Vie,NORMAL,
20170127,16349,Vie,NORMAL,
20170224,17072,Vie,NORMAL,
20170908,17969,Vie,NORMAL,
20180215,21866,Jue,PICO,
20180302,22534,Vie,COSTADO,
20191119,30041,Mar,NORMAL,
20170814,18147,Lun,PICO,
20171005,20507,Jue,NORMAL,
20180203,15413,Sab,NORMAL,
20180620,26310,Mie,NORMAL,
20181027,17956,Sab,NORMAL,
20190313,18999,Mie,NORMAL,
20190329,24820,Vie,NORMAL,
20190406,15952,Sab,NORMAL,
20190427,17240,Sab,NORMAL,
20190430,31590,Mar,PICO,
20190713,21979,Sab,NORMAL,
20191102,25632,Sab,EFECTO F,
20200310,28432,Mar,NORMAL,
20201021,31382,Mie,NORMAL,
20210420,26441,Mar,NORMAL,
20210611,24523,Vie,NORMAL,
20211215,32696,Mie,PICO,
20170203,18003,Vie,NORMAL,
20170210,15639,Vie,NORMAL,
20170216,21270,Jue,COSTADO,
20170517,19730,Mie,NORMAL,
20170530,19205,Mar,NORMAL,
20170628,17226,Mie,NORMAL,
20171121,19010,Mar,NORMAL,
20180509,19951,Mie,NORMAL,
20180713,21618,Vie,NORMAL,
20181013,16749,Sab,NORMAL,
20190112,15563,Sab,NORMAL,
20190423,21695,Mar,NORMAL,
20190513,27768,Lun,NORMAL,
20190702,35960,Mar,COSTADO,
20190816,35792,Vie,COSTADO,
20190829,34620,Jue,NORMAL,
20191022,27380,Mar,NORMAL,
20200512,33265,Mar,NORMAL,
20200611,47181,Jue,NORMAL,
20190701,40878,Lun,PICO,
20190930,35358,Lun,PICO,
20200109,24500,Jue,NORMAL,
20201230,32443,Mie,NORMAL,
20210108,33428,Vie,NORMAL,
20210427,26831,Mar,NORMAL,
20210501,23363,Sab,FERIADO,
20210722,20295,Jue,NORMAL,
20210925,18715,Sab,NORMAL,
20211028,32218,Jue,NORMAL,
20211229,25835,Mie,NORMAL,
20170323,16341,Jue,NORMAL,
20170617,12286,Sab,NORMAL,
20170727,16373,Jue,NORMAL,
20170808,13489,Mar,NORMAL,
20171122,17351,Mie,NORMAL,
20171219,19955,Mar,NORMAL,
20180402,31540,Lun,PICO,
20180719,23818,Jue,NORMAL,
20180821,20085,Mar,NORMAL,
20190205,24595,Mar,NORMAL,
20190730,32408,Mar,EFECTO F,
20190809,23770,Vie,NORMAL,
20191228,22970,Sab,NORMAL,
20201015,34832,Jue,PICO,
20210114,34220,Jue,NORMAL,
20210412,28248,Lun,NORMAL,
20210510,37147,Lun,NORMAL,
20210727,38316,Mar,NORMAL,
20211117,36856,Mie,NORMAL,
20170106,15748,Vie,NORMAL,
20170524,14375,Mie,NORMAL,
20180917,27767,Lun,NORMAL,
20181009,24172,Mar,EFECTO F,
20200115,30558,Mie,PICO,
20200504,39546,Lun,PICO,
20210106,39328,Mie,NORMAL,
20210119,37459,Mar,NORMAL,
20210624,32038,Jue,NORMAL,
20210707,44680,Mie,NORMAL,
20210803,69512,Mar,COSTADO,
20211023,23060,Sab,NORMAL,
20170126,16958,Jue,NORMAL,
20170317,19829,Vie,NORMAL,
20170826,11778,Sab,NORMAL,
20170918,20971,Lun,NORMAL,
20180220,19662,Mar,NORMAL,
20180906,20545,Jue,NORMAL,
20190422,24235,Lun,NORMAL,
20190617,27975,Lun,NORMAL,
20190827,28520,Mar,NORMAL,
20191019,16797,Sab,NORMAL,
20201103,40218,Mar,COSTADO,
20170114,14032,Sab,NORMAL,
20170121,12728,Sab,NORMAL,
20170124,17494,Mar,NORMAL,
20170315,21277,Mie,PICO,
20170325,15261,Sab,NORMAL,
20170726,16242,Mie,NORMAL,
20170928,17658,Jue,NORMAL,
20171106,21479,Lun,NORMAL,
20180908,14824,Sab,NORMAL,
20190105,21504,Sab,NORMAL,
20190509,21822,Jue,NORMAL,
20190621,21684,Vie,NORMAL,
20190824,22061,Sab,NORMAL,
20200217,32599,Lun,NORMAL,
20200415,36702,Mie,PICO,
20201128,27263,Sab,NORMAL,
20170120,17115,Vie,NORMAL,
20200318,30005,Mie,NORMAL,
20200320,33469,Vie,NORMAL,
20201031,28186,Sab,COSTADO,
20210312,27761,Vie,NORMAL,
20210701,53594,Jue,PICO,
20210929,28481,Mie,NORMAL,
20211013,35115,Mie,NORMAL,
20211018,41618,Lun,NORMAL,
20170316,23590,Jue,COSTADO,
20170513,14882,Sab,NORMAL,
20180608,17953,Vie,NORMAL,
20181224,15238,Lun,NORMAL,
20170704,17939,Mar,COSTADO,
20180523,19494,Mie,NORMAL,
20180721,16719,Sab,NORMAL,
20180820,21815,Lun,NORMAL,
20190124,19491,Jue,NORMAL,
20190301,37670,Vie,PICO,
20190418,12205,Jue,FERIADO,
20190601,24657,Sab,COSTADO,
20190606,23813,Jue,NORMAL,
20190812,29413,Lun,NORMAL,
20190828,32559,Mie,NORMAL,
20200331,30656,Mar,PICO,
20200723,31935,Jue,NORMAL,
20201017,22442,Sab,NORMAL,
20210102,32154,Sab,EFECTO F,
20210315,35638,Lun,PICO,
20210629,25610,Mar,FERIADO,
20210730,45398,Vie,EFECTO F,
20170527,11573,Sab,NORMAL,
20170722,12251,Sab,NORMAL,
20190126,17237,Sab,NORMAL,
20200226,27078,Mie,NORMAL,
20200411,26165,Sab,EFECTO F,
20200430,33200,Jue,PICO,
20200509,19643,Sab,NORMAL,
20210326,26483,Vie,NORMAL,
20210719,42402,Lun,NORMAL,
20210830,18743,Lun,FERIADO,
20210902,50230,Jue,COSTADO,
20211214,28400,Mar,NORMAL,
20211220,30905,Lun,NORMAL,
20170207,17858,Mar,NORMAL,
20170223,15964,Jue,NORMAL,
20171204,23707,Lun,NORMAL,
20171212,21396,Mar,NORMAL,
20171220,18900,Mie,NORMAL,
20180303,17308,Sab,NORMAL,
20180602,18263,Sab,COSTADO,
20190221,18383,Jue,NORMAL,
20190522,20189,Mie,NORMAL,
20190907,26760,Sab,NORMAL,
20190911,24303,Mie,NORMAL,
20191002,33394,Mie,COSTADO,
20200110,24464,Vie,NORMAL,
20200213,24724,Jue,NORMAL,
20200730,38764,Jue,EFECTO F,
20210318,34908,Jue,NORMAL,
20211209,29558,Jue,EFECTO F,
20211217,25544,Vie,NORMAL,
20170911,20078,Lun,NORMAL,
20180503,25669,Jue,COSTADO,
20181004,22109,Jue,NORMAL,
20190902,43096,Lun,PICO,
20210311,27195,Jue,NORMAL,
20170904,17447,Lun,NORMAL,
20170912,18677,Mar,NORMAL,
20180511,20764,Vie,NORMAL,
20181008,11253,Lun,FERIADO,
20181219,20444,Mie,NORMAL,
20190212,19503,Mar,NORMAL,
20190401,34108,Lun,PICO,
20190618,24555,Mar,NORMAL,
20190826,30589,Lun,NORMAL,
20200402,26956,Jue,COSTADO,
20210121,33900,Jue,NORMAL,
20210225,27495,Jue,NORMAL,
20210322,35094,Lun,NORMAL,
20210410,21095,Sab,NORMAL,
20210901,53274,Mie,PICO,
20211104,47484,Jue,NORMAL,
20180227,20246,Mar,NORMAL,
20210928,31340,Mar,NORMAL,
20211127,20387,Sab,NORMAL,
20170930,22026,Sab,COSTADO,
20180124,15497,Mie,NORMAL,
20180208,16941,Jue,NORMAL,
20180324,15560,Sab,NORMAL,
20180517,26973,Jue,NORMAL,
20180614,18292,Jue,NORMAL,
20181215,21513,Sab,COSTADO,
20190101,4331,Mar,FERIADO,
20190722,30495,Lun,NORMAL,
20191106,33266,Mie,NORMAL,
20200418,27078,Sab,NORMAL,
20200820,35702,Jue,NORMAL,
20201016,34356,Vie,COSTADO,
20200724,32705,Vie,NORMAL,
20200912,21207,Sab,NORMAL,
20210610,25767,Jue,NORMAL,
20170309,16292,Jue,NORMAL,
20171018,21497,Mie,NORMAL,
20190211,21368,Lun,NORMAL,
20191029,31002,Mar,NORMAL,
20191130,27245,Sab,COSTADO,
20200831,45801,Lun,EFECTO F,
20210325,26529,Jue,NORMAL,
20210430,31513,Vie,PICO,
20210729,12438,Jue,FERIADO,
20170218,13233,Sab,NORMAL,
20170406,16494,Jue,NORMAL,
20190107,24417,Lun,NORMAL,
20190520,31607,Lun,NORMAL,
20190626,30955,Mie,NORMAL,
20190628,28529,Vie,PICO,
20190910,26700,Mar,NORMAL,
20191001,38026,Mar,PICO,
20191015,30899,Mar,COSTADO,
20200826,42530,Mie,NORMAL,
20201218,35166,Vie,NORMAL,
20210714,36854,Mie,NORMAL,
20210811,42636,Mie,NORMAL,
20170206,20458,Lun,NORMAL,
20170825,14350,Vie,NORMAL,
20170922,18582,Vie,NORMAL,
20180118,16158,Jue,NORMAL,
20180120,12594,Sab,NORMAL,
20180521,23900,Lun,NORMAL,
20210105,41870,Mar,COSTADO,
20210203,35971,Mie,NORMAL,
20190709,32946,Mar,NORMAL,
20191221,20643,Sab,NORMAL,
20201126,31831,Jue,NORMAL,
20210403,19090,Sab,EFECTO F,
20210904,27665,Sab,NORMAL,
20211118,30100,Jue,NORMAL,
20170412,27942,Mie,NORMAL,
20170701,18564,Sab,COSTADO,
20170711,12675,Mar,NORMAL,
20171101,10979,Mie,FERIADO,
20171103,7442,Vie,COSTADO,
20171109,17657,Jue,NORMAL,
20171208,11963,Vie,FERIADO,
20181002,31564,Mar,COSTADO,
20200122,22995,Mie,NORMAL,
20200615,48599,Lun,PICO,
20200619,37616,Vie,NORMAL,
20200728,15679,Mar,FERIADO,
20200825,37586,Mar,NORMAL,
20201202,42153,Mie,COSTADO,
20210111,40549,Lun,NORMAL,
20210319,29133,Vie,NORMAL,
20211008,13045,Vie,FERIADO,
20170703,22635,Lun,PICO,
20170712,14221,Mie,NORMAL,
20171110,17553,Vie,NORMAL,
20171213,20236,Mie,NORMAL,
20180108,18359,Lun,NORMAL,
20180922,14852,Sab,NORMAL,
20190208,19265,Vie,NORMAL,
20190318,25267,Lun,NORMAL,
20200425,22271,Sab,NORMAL,
20200514,34598,Jue,NORMAL,
20201029,30998,Jue,NORMAL,
20201201,44381,Mar,PICO,
20210828,27815,Sab,NORMAL,
20210518,48273,Mar,NORMAL,
20170204,14712,Sab,NORMAL,
20170215,24064,Mie,PICO,
20170824,13439,Jue,NORMAL,
20171017,23722,Mar,COSTADO,
20180319,23274,Lun,NORMAL,
20180515,33945,Mar,COSTADO,
20180727,20357,Vie,NORMAL,
20190302,26367,Sab,COSTADO,
20190813,26166,Mar,NORMAL,
20190814,26343,Mie,NORMAL,
20191010,27627,Jue,NORMAL,
20200903,44385,Jue,NORMAL,
20210227,28721,Sab,PICO,
20210416,26535,Vie,COSTADO,
20211223,24336,Jue,NORMAL,
20170407,16019,Vie,NORMAL,
20170511,15938,Jue,NORMAL,
20170831,18620,Jue,EFECTO F,
20170915,20452,Vie,PICO,
20171111,14700,Sab,NORMAL,
20180216,20562,Vie,COSTADO,
20180413,17410,Vie,NORMAL,
20180423,18620,Lun,NORMAL,
20180529,22282,Mar,NORMAL,
20180731,28170,Mar,PICO,
20201203,36842,Jue,NORMAL,
20210313,21990,Sab,NORMAL,
20210317,43191,Mie,NORMAL,
20210406,38929,Mar,NORMAL,
20210817,50797,Mar,COSTADO,
20210927,32881,Lun,NORMAL,
20211022,26191,Vie,NORMAL,
20170125,16439,Mie,NORMAL,
20170201,26010,Mie,PICO,
20170318,14220,Sab,NORMAL,
20190307,20324,Jue,NORMAL,
20191126,32106,Mar,NORMAL,
20200518,41672,Lun,NORMAL,
20200707,46242,Mar,NORMAL,
20200918,33308,Vie,NORMAL,
20210628,45656,Lun,NORMAL,
20170616,16968,Vie,COSTADO,
20171107,20983,Mar,NORMAL,
20180512,16997,Sab,NORMAL,
20180815,30075,Mie,PICO,
20190227,22532,Mie,NORMAL,
20190515,29737,Mie,PICO,
20191011,26559,Vie,NORMAL,
20191018,24210,Vie,NORMAL,
20200304,38063,Mie,NORMAL,
20200811,40409,Mar,NORMAL,
20210116,28389,Sab,COSTADO,
20210213,20521,Sab,NORMAL,
20210920,31757,Lun,NORMAL,
20170509,17283,Mar,NORMAL,
20170622,12764,Jue,NORMAL,
20170812,11446,Sab,NORMAL,
20180116,20705,Mar,COSTADO,
20180320,19356,Mar,NORMAL,
20180518,24162,Vie,NORMAL,
20180627,19528,Mie,NORMAL,
20190927,26091,Vie,NORMAL,
20191007,33559,Lun,NORMAL,
20191017,25178,Jue,NORMAL,
20200215,19568,Sab,COSTADO,
20200612,45093,Vie,NORMAL,
20200805,43035,Mie,NORMAL,
20200905,26928,Sab,NORMAL,
20200921,34804,Lun,NORMAL,
20190906,29449,Vie,NORMAL,
20200307,20848,Sab,NORMAL,
20200521,35496,Jue,NORMAL,
20200910,31495,Jue,NORMAL,
20201105,34354,Jue,NORMAL,
20201130,40896,Lun,PICO,
20201226,27199,Sab,EFECTO F,
20210602,45563,Mie,COSTADO,
20170801,20288,Mar,PICO,
20180514,28953,Lun,PICO,
20180725,19990,Mie,NORMAL,
20190103,26668,Jue,COSTADO,
20191005,23122,Sab,NORMAL,
20200218,29167,Mar,NORMAL,
20200727,39736,Lun,NORMAL,
20200814,40058,Vie,PICO,
20200829,22600,Sab,NORMAL,
20201022,28676,Jue,NORMAL,
20210531,44983,Lun,PICO,
20210617,39178,Jue,NORMAL,
20210807,28960,Sab,NORMAL,
20211110,29855,Mie,NORMAL,
20170612,14410,Lun,NORMAL,
20180420,17661,Vie,NORMAL,
20180711,22625,Mie,NORMAL,
20180817,20891,Vie,NORMAL,
20180907,20347,Vie,NORMAL,
20180911,20640,Mar,NORMAL,
20181015,30352,Lun,PICO,
20190501,14019,Mie,FERIADO,
20190612,18779,Mie,NORMAL,
20190729,8878,Lun,FERIADO,
20191120,28430,Mie,NORMAL,
20191031,29848,Jue,PICO,
20200321,28758,Sab,NORMAL,
20200708,39362,Mie,NORMAL,
20200922,30383,Mar,NORMAL,
20210309,26604,Mar,NORMAL,
20210702,46949,Vie,COSTADO,
20210922,24188,Mie,NORMAL,
20170308,15776,Mie,NORMAL,
20170829,17691,Mar,NORMAL,
20180202,19993,Vie,COSTADO,
20180210,14184,Sab,NORMAL,
20180301,23744,Jue,PICO,
20180705,23401,Jue,NORMAL,
20180717,30351,Mar,COSTADO,
20181212,24630,Mie,NORMAL,
20181225,4237,Mar,FERIADO,
20190207,19638,Jue,NORMAL,
20190521,24135,Mar,NORMAL,
20190624,25046,Lun,NORMAL,
20200609,50283,Mar,NORMAL,
20210812,41907,Jue,NORMAL,
20211225,46,Sab,FERIADO,
20170427,20036,Jue,NORMAL,
20170926,17743,Mar,NORMAL,
20180305,23800,Lun,NORMAL,
20180613,16857,Mie,NORMAL,
20180910,21634,Lun,NORMAL,
20190614,22766,Vie,PICO,
20190622,14854,Sab,NORMAL,
20190718,24514,Jue,NORMAL,
20190218,23784,Lun,NORMAL,
20190311,21404,Lun,NORMAL,
20190516,26518,Jue,COSTADO,
20190531,30563,Vie,PICO,
20200121,25758,Mar,NORMAL,
20200204,29769,Mar,COSTADO,
20200413,36885,Lun,NORMAL,
20200527,32223,Mie,NORMAL,
20200603,36828,Mie,NORMAL,
20210424,20864,Sab,NORMAL,
20211026,40360,Mar,NORMAL,
20170418,25325,Mar,NORMAL,
20170710,11548,Lun,NORMAL,
20171021,14215,Sab,NORMAL,
20171227,18352,Mie,NORMAL,
20171229,22259,Vie,NORMAL,
20180206,18782,Mar,NORMAL,
20180607,18335,Jue,NORMAL,
20190223,15108,Sab,NORMAL,
20190327,19842,Mie,NORMAL,
20190425,18482,Jue,NORMAL,
20190502,33709,Jue,EFECTO F,
20191213,28618,Vie,NORMAL,
20200224,27003,Lun,NORMAL,
20200423,29020,Jue,NORMAL,
20200429,32993,Mie,NORMAL,
20200528,39783,Jue,NORMAL,
20200622,39320,Lun,NORMAL,
20200629,33204,Lun,FERIADO,
20200813,42087,Jue,NORMAL,
20201209,38926,Mie,EFECTO F,
20201222,34445,Mar,NORMAL,
20210329,32653,Lun,NORMAL,
20210630,47545,Mie,EFECTO F,
20201030,33057,Vie,PICO,
20210407,33479,Mie,NORMAL,
20210515,40496,Sab,COSTADO,
20170217,17891,Vie,NORMAL,
20170729,6698,Sab,FERIADO,
20180410,17661,Mar,NORMAL,
20180524,17076,Jue,NORMAL,
20180825,14480,Sab,NORMAL,
20190204,28029,Lun,NORMAL,
20190415,28806,Lun,PICO,
20200410,9036,Vie,FERIADO,
20200605,40326,Vie,NORMAL,
20201106,30522,Vie,NORMAL,
20201224,22058,Jue,NORMAL,
20210310,27950,Mie,NORMAL,
20210506,40157,Jue,NORMAL,
20211201,40488,Mie,PICO,
20170221,18644,Mar,NORMAL,
20170417,29003,Lun,PICO,
20170602,20724,Vie,COSTADO,
20180130,20952,Mar,NORMAL,
20180207,17900,Mie,NORMAL,
20180507,24649,Lun,NORMAL,
20180905,28566,Mie,NORMAL,
20180919,20770,Mie,NORMAL,
20181010,20846,Mie,NORMAL,
20181023,19761,Mar,NORMAL,
20181205,26645,Mie,NORMAL,
20181206,21497,Jue,NORMAL,
20190226,22268,Mar,NORMAL,
20190608,17933,Sab,NORMAL,
20190719,23204,Vie,NORMAL,
20190830,19283,Vie,FERIADO,
20191012,19518,Sab,NORMAL,
20191025,22325,Vie,NORMAL,
20200124,22792,Vie,NORMAL,
20200201,31106,Sab,COSTADO,
20200601,50531,Lun,PICO,
20210703,35949,Sab,NORMAL,
20210710,28201,Sab,NORMAL,
20210819,40033,Jue,NORMAL,
20211030,25605,Sab,PICO,
20170504,19503,Jue,NORMAL,
20170512,17151,Vie,NORMAL,
20170526,15559,Vie,NORMAL,
20171011,20094,Mie,NORMAL,
20171225,3561,Lun,FERIADO,
20180519,16982,Sab,NORMAL,
20180611,22574,Lun,NORMAL,
20180619,30270,Mar,NORMAL,
20180714,20794,Sab,NORMAL,
20190111,19450,Vie,NORMAL,
20191123,16942,Sab,NORMAL,
20191223,28312,Lun,NORMAL,
20201005,42479,Lun,NORMAL,
20210415,28875,Jue,PICO,
20210601,47708,Mar,PICO,
20210616,38952,Mie,NORMAL,
20210712,44142,Lun,NORMAL,
20170112,15499,Jue,NORMAL,
20170401,23198,Sab,COSTADO,
20170414,5595,Vie,FERIADO,
20180811,14536,Sab,NORMAL,
20181207,22474,Vie,NORMAL,
20190323,15226,Sab,NORMAL,
20190610,26025,Lun,NORMAL,
20190801,38350,Jue,PICO,
20191105,40248,Mar,COSTADO,
20210125,36614,Lun,NORMAL,
20210324,27695,Mie,NORMAL,
20211230,26178,Jue,NORMAL,
20170208,16521,Mie,NORMAL,
20170830,10844,Mie,FERIADO,
20180313,19118,Mar,NORMAL,
20180612,19994,Mar,NORMAL,
20180804,17448,Sab,NORMAL,
20190723,26327,Mar,NORMAL,
20200221,22946,Vie,NORMAL,
20200225,25257,Mar,NORMAL,
20201207,39397,Lun,NORMAL,
20210330,32283,Mar,NORMAL,
20210615,40504,Mar,COSTADO,
20210726,42719,Lun,NORMAL,
20211015,32115,Vie,PICO,
20211108,39590,Lun,NORMAL,
20170117,14725,Mar,COSTADO,
20170531,20673,Mie,PICO,
20171216,18110,Sab,COSTADO,
20180310,15034,Sab,NORMAL,
20180623,17215,Sab,NORMAL,
20180726,21069,Jue,NORMAL,
20181018,19883,Jue,NORMAL,
20211002,24828,Sab,COSTADO,
20211111,31015,Jue,NORMAL,
20170130,21910,Lun,NORMAL,
20170211,11659,Sab,NORMAL,
20170923,14315,Sab,NORMAL,
20181024,20657,Mie,NORMAL,
20191125,30386,Lun,NORMAL,
20200212,24801,Mie,NORMAL,
20200720,39748,Lun,NORMAL,
20210331,32288,Mie,PICO,
20210626,29587,Sab,NORMAL,
20210809,46511,Lun,NORMAL,
20210903,42088,Vie,NORMAL,
20170907,14522,Jue,NORMAL,
20190225,23176,Lun,NORMAL,
20190409,21404,Mar,NORMAL,
20191104,44997,Lun,PICO,
20200516,27383,Sab,COSTADO,
20200722,35098,Mie,NORMAL,
20200817,44962,Lun,NORMAL,
20210302,39895,Mar,COSTADO,
20210413,25306,Mar,NORMAL,
20210504,46392,Mar,COSTADO,
20210713,37689,Mar,NORMAL,
20211125,25277,Jue,NORMAL,
20170629,9998,Jue,FERIADO,
20170909,14558,Sab,NORMAL,
20171115,25022,Mie,PICO,
20180425,16975,Mie,NORMAL,
20180807,19253,Mar,NORMAL,
20181030,0,Mar,NORMAL,
20190321,19134,Jue,NORMAL,
20190328,20379,Jue,NORMAL,
20190412,22730,Vie,NORMAL,
20191109,14900,Sab,NORMAL,
20200103,26603,Vie,COSTADO,
20200515,36978,Vie,PICO,
20200617,40799,Mie,NORMAL,
20200721,38501,Mar,NORMAL,
20190517,22805,Vie,NORMAL,
20190605,27656,Mie,NORMAL,
20191108,26856,Vie,NORMAL,
20191214,21390,Sab,NORMAL,
20201013,32692,Mar,NORMAL,
20201113,34945,Vie,NORMAL,
20210720,36628,Mar,NORMAL,
20170518,15927,Jue,NORMAL,
20170822,14535,Mar,NORMAL,
20171104,16714,Sab,NORMAL,
20180111,16771,Jue,NORMAL,
20180309,17963,Vie,NORMAL,
20180317,15393,Sab,NORMAL,
20180326,21456,Lun,NORMAL,
20180813,21059,Lun,NORMAL,
20190206,20352,Mie,NORMAL,
20190525,15990,Sab,NORMAL,
20190710,27089,Mie,NORMAL,
20190817,24039,Sab,NORMAL,
20190912,24201,Jue,NORMAL,
20191203,35996,Mar,COSTADO,
20200220,23672,Jue,NORMAL,
20200302,44585,Lun,PICO,
20200725,22449,Sab,NORMAL,
20201204,35795,Vie,NORMAL,
20210419,30346,Lun,NORMAL,
20210706,45939,Mar,NORMAL,
20210820,35926,Vie,NORMAL,
20211113,22895,Sab,NORMAL,
20170428,18021,Vie,NORMAL,
20171010,15467,Mar,NORMAL,
20180224,15501,Sab,NORMAL,
20200810,39267,Lun,NORMAL,
20190122,16251,Mar,NORMAL,
20190309,16370,Sab,NORMAL,
20190326,21197,Mar,NORMAL,
20200407,31176,Mar,NORMAL,
20200926,23831,Sab,NORMAL,
20210916,31498,Jue,COSTADO,
20180428,17037,Sab,NORMAL,
20180528,24483,Lun,NORMAL,
20180903,31032,Lun,PICO,
20200924,28013,Jue,NORMAL,
20201111,31096,Mie,NORMAL,
20201217,40055,Jue,NORMAL,
20210622,36463,Mar,NORMAL,
20210908,30075,Mie,NORMAL,
20211009,23432,Sab,EFECTO F,
20170624,11600,Sab,NORMAL,
20170717,18968,Lun,NORMAL,
20171102,13796,Jue,EFECTO F,
20180226,19192,Lun,NORMAL,
20180403,26496,Mar,COSTADO,
20190128,21580,Lun,NORMAL,
20190720,16910,Sab,NORMAL,
20190919,23327,Jue,NORMAL,
20191118,33669,Lun,NORMAL,
20200317,45354,Mar,COSTADO,
20200626,38260,Vie,NORMAL,
20200702,41932,Jue,COSTADO,
20200806,36836,Jue,NORMAL,
20201006,35697,Mar,NORMAL,
20201110,31505,Mar,NORMAL,
20201125,33889,Mie,NORMAL,
20210911,20020,Sab,NORMAL,
20211207,30398,Mar,NORMAL,
20170314,20910,Mar,NORMAL,
20170720,15721,Jue,NORMAL,
20170817,17131,Jue,NORMAL,
20170821,17715,Lun,NORMAL,
20171020,18596,Vie,NORMAL,
20180407,15155,Sab,NORMAL,
20180808,17827,Mie,NORMAL,
20180920,20358,Jue,NORMAL,
20190219,22368,Mar,NORMAL,
20190705,28231,Vie,NORMAL,
20191122,24903,Vie,NORMAL,
20200513,34050,Mie,NORMAL,
20200704,29426,Sab,NORMAL,
20201212,27783,Sab,NORMAL,
20201229,37804,Mar,NORMAL,
20170613,15900,Mar,NORMAL,
20170902,14471,Sab,COSTADO,
20180104,19698,Jue,NORMAL,
20180504,23644,Vie,NORMAL,
20180522,21742,Mar,NORMAL,
20180616,25176,Sab,COSTADO,
20180810,15962,Vie,NORMAL,
20181214,22519,Vie,PICO,
20190114,24026,Lun,PICO,
20190306,22130,Mie,NORMAL,
20191217,30704,Mar,COSTADO,
20191227,26742,Vie,NORMAL,
20200229,32494,Sab,COSTADO,
20200630,40089,Mar,EFECTO F,
20200703,39727,Vie,NORMAL,
20210104,44799,Lun,PICO,
20210118,40415,Lun,NORMAL,
20191211,27691,Mie,NORMAL,
20200424,30656,Vie,NORMAL,
20200502,27072,Sab,EFECTO F,
20201001,44489,Jue,PICO,
20210308,30780,Lun,NORMAL,
20210618,33797,Vie,NORMAL,
20210731,48195,Sab,COSTADO,
20170713,15296,Jue,NORMAL,
20170816,19578,Mie,NORMAL,
20171030,23126,Lun,NORMAL,
20180126,17009,Vie,NORMAL,
20180129,18849,Lun,NORMAL,
20180615,21015,Vie,PICO,
20180628,26790,Jue,PICO,
20190314,18023,Jue,NORMAL,
20190420,14482,Sab,EFECTO F,
20190504,22166,Sab,NORMAL,
20190903,45216,Mar,COSTADO,
20191114,29000,Jue,NORMAL,
20200717,38727,Vie,NORMAL,
20201003,28646,Sab,NORMAL,
20201223,34777,Mie,NORMAL,
20210113,33638,Mie,NORMAL,
20210206,23789,Sab,NORMAL,
20210915,32933,Mie,PICO,
20170603,15450,Sab,NORMAL,
20170606,19277,Mar,NORMAL,
20170714,15878,Vie,PICO,
20170906,15217,Mie,NORMAL,
20171118,17937,Sab,NORMAL,
20171218,21957,Lun,NORMAL,
20180710,20210,Mar,NORMAL,
20180829,25049,Mie,NORMAL,
20190529,26196,Mie,NORMAL,
20200227,27326,Jue,NORMAL,
20200716,39019,Jue,COSTADO,
20201019,37310,Lun,NORMAL,
20210304,33789,Jue,NORMAL,
20170520,12153,Sab,NORMAL,
20170718,16823,Mar,NORMAL,
20170811,14377,Vie,NORMAL,
20171124,18957,Vie,NORMAL,
20180704,24911,Mie,NORMAL,
20190118,19404,Vie,NORMAL,
20190119,15675,Sab,NORMAL,
20190216,17413,Sab,COSTADO,
20200131,37284,Vie,PICO,
20200803,45421,Lun,PICO,
20211227,31958,Lun,NORMAL,
20170523,15773,Mar,NORMAL,
20171026,19085,Jue,NORMAL,
20171206,19929,Mie,NORMAL,
20181210,25689,Lun,NORMAL,
20181226,24459,Mie,EFECTO F,
20190104,24700,Vie,NORMAL,
20190717,29247,Mie,NORMAL,
20190803,26959,Sab,NORMAL,
20191219,25620,Jue,NORMAL,
20200929,32699,Mar,NORMAL,
20211203,33132,Vie,NORMAL,
20170131,24243,Mar,PICO,
20170815,17047,Mar,COSTADO,
20171129,22024,Mie,NORMAL,
20180702,31331,Lun,PICO,
20180824,17945,Vie,NORMAL,
20190914,21275,Sab,NORMAL,
20191230,31613,Lun,NORMAL,
20200508,29741,Vie,NORMAL,
20200602,55548,Mar,COSTADO,
20210107,36731,Jue,NORMAL,
20210303,36582,Mie,NORMAL,
20210524,33667,Lun,NORMAL,
20210619,26251,Sab,NORMAL,
20210625,33206,Vie,NORMAL,
20211014,31599,Jue,NORMAL,
20211103,42444,Mie,COSTADO,
20211109,35627,Mar,NORMAL,
20170104,17688,Mie,NORMAL,
20170728,8506,Vie,FERIADO,
20171004,27181,Mie,NORMAL,
20171117,23403,Vie,NORMAL,
20171226,18727,Mar,EFECTO F,
20180103,22288,Mie,COSTADO,
20180110,17336,Mie,NORMAL,
20180723,21209,Lun,NORMAL,
20181211,23284,Mar,NORMAL,
20190524,19248,Vie,NORMAL,
20200313,28333,Vie,NORMAL,
20200506,33470,Mie,NORMAL,
20200522,37355,Vie,NORMAL,
20200526,38748,Mar,NORMAL,
20200911,30797,Vie,NORMAL,
20210327,22222,Sab,NORMAL,
20210514,45075,Vie,PICO,
20210224,26038,Mie,NORMAL,
20210716,37169,Vie,COSTADO,
20211012,37347,Mar,NORMAL,
20211218,17191,Sab,NORMAL,
20170805,12864,Sab,NORMAL,
20170901,17702,Vie,PICO,
20171230,18861,Sab,PICO,
20180828,21100,Mar,NORMAL,
20201121,24892,Sab,NORMAL,
20201216,41426,Mie,NORMAL,
20201228,40915,Lun,NORMAL,
20210429,26611,Jue,NORMAL,
20210505,43817,Mie,NORMAL,
20210609,28517,Mie,NORMAL,
20210723,31340,Vie,NORMAL,
20211224,16756,Vie,NORMAL,
20170823,13532,Mie,NORMAL,
20170913,17225,Mie,NORMAL,
20170921,19871,Jue,NORMAL,
20170927,16148,Mie,NORMAL,
20171211,23764,Lun,NORMAL,
20180827,20482,Lun,NORMAL,
20180830,12494,Jue,FERIADO,
20181029,22623,Lun,NORMAL,
20190108,20383,Mar,NORMAL,
20190615,17245,Sab,COSTADO,
20190706,21928,Sab,NORMAL,
20190716,34473,Mar,COSTADO,
20190727,16933,Sab,NORMAL,
20190918,26868,Mie,NORMAL,
20191024,22786,Jue,NORMAL,
20200401,26639,Mie,PICO,
20170113,17959,Vie,NORMAL,
20170320,21614,Lun,NORMAL,
20170614,16402,Mie,NORMAL,
20170630,19445,Vie,EFECTO F,
20190222,18298,Vie,NORMAL,
20191116,25977,Sab,COSTADO,
20191129,29759,Vie,PICO,
20191207,20832,Sab,NORMAL,
20191225,5048,Mie,FERIADO,
20200710,36240,Vie,NORMAL,
20200908,37724,Mar,NORMAL,
20200919,20730,Sab,NORMAL,
20200930,39618,Mie,PICO,
20201010,23459,Sab,NORMAL,
20210423,28684,Vie,NORMAL,
20210426,30655,Lun,NORMAL,
20210907,36367,Mar,NORMAL,
20170725,16024,Mar,NORMAL,
20170905,15071,Mar,NORMAL,
20180605,24371,Mar,NORMAL,
20180806,21190,Lun,NORMAL,
20180831,30210,Vie,EFECTO F,
20181220,18613,Jue,NORMAL,
20170715,14826,Sab,COSTADO,
20171002,52376,Lun,PICO,
20171223,17231,Sab,NORMAL,
20180531,24783,Jue,PICO,
20180703,33003,Mar,COSTADO,
20190131,27633,Jue,PICO,
20190518,19187,Sab,NORMAL,
20191128,25825,Jue,NORMAL,
20200211,27863,Mar,NORMAL,
20200214,22667,Vie,PICO,
20201107,22667,Sab,NORMAL,
20201208,27290,Mar,FERIADO,
20210428,27931,Mie,NORMAL,
20170508,18330,Lun,NORMAL,
20180125,15429,Jue,NORMAL,
20181217,29868,Lun,NORMAL,
20190523,19845,Jue,NORMAL,
20191107,28580,Jue,NORMAL,
20191204,35218,Mie,NORMAL,
20200130,26021,Jue,NORMAL,
20200623,39535,Mar,NORMAL,
20200818,41246,Mar,NORMAL,
20210217,32290,Mie,NORMAL,
20210824,38380,Mar,NORMAL,
20210906,50522,Lun,NORMAL,
20210924,24504,Vie,NORMAL,
20211122,34123,Lun,NORMAL,
20211202,34977,Jue,COSTADO,
20170311,13922,Sab,NORMAL,
20170429,14693,Sab,PICO,
20180306,20398,Mar,NORMAL,
20180419,18387,Jue,NORMAL,
20180630,20486,Sab,EFECTO F,
20181016,26191,Mar,COSTADO,
20181208,15779,Sab,FERIADO,
20190822,23568,Jue,NORMAL,
20191121,25115,Jue,NORMAL,
20191216,34298,Lun,PICO,
20200701,43287,Mie,PICO,
20201028,31323,Mie,NORMAL,
20210320,22120,Sab,NORMAL,
20210802,70026,Lun,PICO,
20211001,33831,Vie,PICO,
20170105,16574,Jue,NORMAL,
20180101,3826,Lun,FERIADO,
20180123,16773,Mar,NORMAL,
20180213,19100,Mar,NORMAL,
20180516,37631,Mie,NORMAL,
20181222,17052,Sab,NORMAL,
20190805,40958,Lun,NORMAL,
20200314,25075,Sab,NORMAL,
20200804,45943,Mar,COSTADO,
20201104,37488,Mie,NORMAL,
20210525,30227,Mar,NORMAL,
20211213,29399,Lun,NORMAL,
20211222,23727,Mie,NORMAL,
20170222,15942,Mie,NORMAL,
20171003,34148,Mar,COSTADO,
20170724,16714,Lun,NORMAL,
20180618,27570,Lun,NORMAL,
20180914,22188,Vie,PICO,
20200120,30331,Lun,NORMAL,
20200128,25379,Mar,NORMAL,
20200330,36506,Lun,NORMAL,
20210414,25432,Mie,NORMAL,
20210519,40611,Mie,NORMAL,
20210527,31729,Jue,NORMAL,
20210607,34183,Lun,NORMAL,
20170209,8579,Jue,NORMAL,
20170503,22575,Mie,COSTADO,
20170601,24665,Jue,PICO,
20170914,19671,Jue,NORMAL,
20180201,20906,Jue,PICO,
20180409,20370,Lun,NORMAL,
20180414,14693,Sab,NORMAL,
20190115,28593,Mar,COSTADO,
20190304,31059,Lun,NORMAL,
20190724,25039,Mie,NORMAL,
20190802,35334,Vie,COSTADO,
20190823,27023,Vie,NORMAL,
20200328,37418,Sab,NORMAL,
20200501,28373,Vie,FERIADO,
20200620,24757,Sab,NORMAL,
20190316,16352,Sab,COSTADO,
20190715,35745,Lun,PICO,
20191026,19121,Sab,NORMAL,
20200312,24849,Jue,NORMAL,
20201102,46040,Lun,EFECTO F,
20210421,26072,Mie,NORMAL,
20210511,36082,Mar,NORMAL,
20210521,30081,Vie,NORMAL,
20210708,40636,Jue,NORMAL,
20210717,28011,Sab,NORMAL,
20211020,30367,Mie,NORMAL,
20211105,39948,Vie,NORMAL,
20211221,27018,Mar,NORMAL,
20170327,21274,Lun,NORMAL,
20170329,18105,Mie,NORMAL,
20171023,20537,Lun,NORMAL,
20180109,18633,Mar,NORMAL,
20180604,23418,Lun,NORMAL,
20180728,10100,Sab,FERIADO,
20181031,6972,Mie,PICO,
20181213,22788,Jue,NORMAL,
20190424,19783,Mie,NORMAL,
20190514,28141,Mar,NORMAL,
20191016,28619,Mie,NORMAL,
20200714,37553,Mar,NORMAL,
20201124,33953,Mar,NORMAL,
20210129,33863,Vie,NORMAL,
20210216,36488,Mar,COSTADO,
20170307,18817,Mar,NORMAL,
20170501,8375,Lun,FERIADO,
20170920,21838,Mie,NORMAL,
20180106,13925,Sab,NORMAL,
20180331,17626,Sab,EFECTO F,
20190109,19516,Mie,NORMAL,
20190607,22815,Vie,NORMAL,
20190806,35868,Mar,NORMAL,
20191009,30696,Mie,EFECTO F,
20200422,30678,Mie,NORMAL,
20200523,18459,Sab,NORMAL,
20200713,39668,Lun,NORMAL,
20200824,38751,Lun,NORMAL,
20210507,34234,Vie,NORMAL,
20210513,39867,Jue,NORMAL,
20210614,37816,Lun,PICO,
20210621,37445,Lun,NORMAL,
20170116,24316,Lun,PICO,
20170301,29996,Mie,PICO,
20170403,30178,Lun,PICO,
20170626,16697,Lun,NORMAL,
20171125,14932,Sab,NORMAL,
20171127,21889,Lun,NORMAL,
20180327,19453,Mar,NORMAL,
20180329,13152,Jue,FERIADO,
20180426,17338,Jue,NORMAL,
20180427,20776,Vie,NORMAL,
20180707,15363,Sab,NORMAL,
20180924,20786,Lun,NORMAL,
20190511,18709,Sab,NORMAL,
20190815,29868,Jue,PICO,
20190819,34932,Lun,NORMAL,
20191030,30699,Mie,NORMAL,
20191113,29451,Mie,NORMAL,
20200101,4246,Mie,FERIADO,
20200421,30746,Mar,NORMAL,
20201014,33024,Mie,NORMAL,
20201210,38410,Jue,NORMAL,
20210205,33555,Vie,NORMAL,
20210705,48004,Lun,NORMAL,
20170426,22160,Mie,NORMAL,
20190322,19502,Vie,NORMAL,
20191112,30201,Mar,NORMAL,
20191127,27638,Mie,NORMAL,
20200206,28396,Jue,NORMAL,
20200408,31450,Mie,NORMAL,
20210825,35880,Mie,NORMAL,
20210923,24129,Jue,NORMAL,
20211019,30661,Mar,NORMAL,
20170306,21859,Lun,NORMAL,
20170408,11889,Sab,NORMAL,
20170420,18001,Jue,NORMAL,
20180316,20706,Vie,COSTADO,
20180912,20433,Mie,NORMAL,
20180928,25085,Vie,NORMAL,
20190711,23288,Jue,NORMAL,
20191021,26669,Lun,NORMAL,
20191210,26769,Mar,NORMAL,
20191220,24976,Vie,NORMAL,
20200325,33879,Mie,NORMAL,
20200706,44171,Lun,NORMAL,
20200729,37290,Mie,FERIADO,
20200819,39219,Mie,NORMAL,
20201024,21140,Sab,NORMAL,
20201120,33275,Vie,NORMAL,
20210202,38574,Mar,COSTADO,
20171025,18332,Mie,NORMAL,
20171120,23439,Lun,NORMAL,
20180228,25977,Mie,PICO,
20180328,25432,Mie,PICO,
20181022,21886,Lun,NORMAL,
20190215,21127,Vie,PICO,
20190417,23771,Mie,NORMAL,
20190507,26576,Mar,NORMAL,
20190916,33109,Lun,PICO,
20190110,18254,Jue,NORMAL,
20190604,31178,Mar,COSTADO,
20190625,22489,Mar,NORMAL,
20191004,29005,Vie,NORMAL,
20200403,26654,Vie,NORMAL,
20200731,38446,Vie,PICO,
20210623,30829,Mie,NORMAL,
20211027,35243,Mie,NORMAL,
20211228,27859,Mar,NORMAL,
20170415,16363,Sab,EFECTO F,
20170505,18564,Vie,NORMAL,
20170608,15233,Jue,NORMAL,
20170619,15841,Lun,NORMAL,
20170803,16887,Jue,NORMAL,
20170818,15479,Vie,NORMAL,
20171202,23732,Sab,COSTADO,
20180417,20878,Mar,COSTADO,
20180609,14289,Sab,NORMAL,
20180918,22127,Mar,NORMAL,
20181204,31714,Mar,COSTADO,
20211206,36344,Lun,NORMAL,
20170419,20051,Mie,NORMAL,
20170425,20208,Mar,NORMAL,
20170621,15393,Mie,NORMAL,
20171214,23018,Jue,NORMAL,
20190312,19676,Mar,NORMAL,
20190831,31315,Sab,EFECTO F,
20200222,17634,Sab,NORMAL,
20200613,32951,Sab,NORMAL,
20201215,40530,Mar,COSTADO,
20210605,26628,Sab,NORMAL,
20210612,20379,Sab,NORMAL,
20170103,19755,Mar,COSTADO,
20170310,15062,Vie,NORMAL,
20190214,16298,Jue,NORMAL,
20191023,24065,Mie,NORMAL,
20200316,46584,Lun,PICO,
20200604,51367,Jue,NORMAL,
20210201,40139,Lun,PICO,
20170322,17325,Mie,NORMAL,
20170605,20904,Lun,NORMAL,
20170706,13843,Jue,NORMAL,
20171019,18513,Jue,NORMAL,
20171222,19255,Vie,NORMAL,
20180418,18944,Mie,NORMAL,
20180205,23269,Lun,NORMAL,
20180925,21374,Mar,NORMAL,
20190629,18304,Sab,FERIADO,
20190909,26566,Lun,NORMAL,
20200114,25173,Mar,NORMAL,
20200404,24526,Sab,NORMAL,
20201002,41060,Vie,COSTADO,
20210130,28965,Sab,PICO,
20210209,30977,Mar,NORMAL,
20210212,27992,Vie,NORMAL,
20210709,36103,Vie,NORMAL,
20210813,41616,Vie,NORMAL,
20170119,17145,Jue,NORMAL,
20170214,20907,Mar,NORMAL,
20170627,15387,Mar,NORMAL,
20170807,15899,Lun,NORMAL,
20171113,21128,Lun,NORMAL,
20181003,26063,Mie,NORMAL,
20190416,26248,Mar,COSTADO,
20190510,20552,Vie,NORMAL,
20190808,27244,Jue,NORMAL,
20190905,35558,Jue,NORMAL,
20201116,42925,Lun,PICO,
20211016,26023,Sab,COSTADO,
20211101,15854,Lun,FERIADO,
20170304,12418,Sab,NORMAL,
20170321,18659,Mar,NORMAL,
20180510,19940,Jue,NORMAL,
20180921,19221,Vie,NORMAL,
20190319,23050,Mar,NORMAL,
20190508,24567,Mie,NORMAL,
20190528,26662,Mar,NORMAL,
20200207,25718,Vie,NORMAL,
20200303,37072,Mar,COSTADO,
20200306,26469,Vie,NORMAL,
20200822,22283,Sab,NORMAL,
20200923,28912,Mie,NORMAL,
20201026,35089,Lun,NORMAL,
20210306,22418,Sab,NORMAL,
20210827,31450,Vie,NORMAL,
20210910,25028,Vie,NORMAL,
20211029,31501,Vie,NORMAL,
20211211,17019,Sab,NORMAL,
20170413,11774,Jue,FERIADO,
20180122,17889,Lun,NORMAL,
20180221,17379,Mie,NORMAL,
20190220,20147,Mie,NORMAL,
20190315,22071,Vie,PICO,
20190726,32467,Vie,NORMAL,
20190913,25037,Vie,NORMAL,
20200117,25232,Vie,NORMAL,
20200118,18257,Sab,NORMAL,
20200907,45069,Lun,NORMAL,
20201123,37333,Lun,NORMAL,
20210522,22433,Sab,NORMAL,
20210526,31017,Mie,NORMAL,
20210816,57793,Lun,PICO,
20210930,30370,Jue,PICO,
20211129,35230,Lun,NORMAL,
20170213,21557,Lun,NORMAL,
20170506,13842,Sab,NORMAL,
20171007,17206,Sab,NORMAL,
20190117,21578,Jue,NORMAL,
20190209,16182,Sab,NORMAL,
20190708,29490,Lun,NORMAL,
20190821,26919,Mie,NORMAL,
20190924,24942,Mar,NORMAL,
20200104,25865,Sab,NORMAL,
20200129,23536,Mie,NORMAL,
20201231,29879,Jue,PICO,
20211126,27668,Vie,NORMAL,
20170324,18460,Vie,NORMAL,
20170809,14493,Mie,NORMAL,
20171013,25913,Vie,NORMAL,
20171215,22196,Vie,PICO,
20180307,15627,Mie,NORMAL,
20181203,37125,Lun,PICO,
20190405,22548,Vie,NORMAL,
20190923,25988,Lun,NORMAL,
20191231,21967,Mar,PICO,
20200113,27634,Lun,NORMAL,
20200125,20230,Sab,NORMAL,
20200530,43882,Sab,PICO,
20200808,22365,Sab,NORMAL,
20201109,33958,Lun,NORMAL,
20201114,30371,Sab,NORMAL,
20210316,47742,Mar,COSTADO,
20211025,37450,Lun,NORMAL,
20190102,32757,Mie,EFECTO F,
20200323,35922,Lun,NORMAL,
20200416,37423,Jue,COSTADO,
20200606,34075,Sab,NORMAL,
20211124,27234,Mie,NORMAL,
20170708,12229,Sab,NORMAL,
20171130,26234,Jue,PICO,
20171207,20753,Jue,NORMAL,
20180913,18039,Jue,NORMAL,
20190121,19700,Lun,NORMAL,
20190123,18409,Mie,NORMAL,
20190402,33159,Mar,COSTADO,
20190807,27378,Mie,NORMAL,
20191202,45016,Lun,PICO,
20200715,37896,Mie,PICO,
20200914,41221,Lun,PICO,
20210402,11843,Vie,FERIADO,
20210520,33179,Jue,NORMAL,
20211115,52567,Lun,PICO,
20170228,27353,Mar,PICO,
20170721,15191,Vie,NORMAL,
20171024,19143,Mar,NORMAL,
20171201,31150,Vie,PICO,
20180102,23538,Mar,EFECTO F,
20181001,36394,Lun,PICO,
20181221,18736,Vie,NORMAL,
20190611,22694,Mar,NORMAL,
20191003,28512,Jue,NORMAL,
20200106,34580,Lun,NORMAL,
20200625,36638,Jue,NORMAL,
20190201,26509,Vie,PICO,
20190411,19282,Jue,NORMAL,
20190527,27636,Lun,NORMAL,
20190613,21831,Jue,NORMAL,
20190921,18262,Sab,NORMAL,
20201012,37736,Lun,NORMAL,
20210109,25411,Sab,NORMAL,
20210112,36696,Mar,NORMAL,
20211007,32060,Jue,NORMAL,
20170128,12003,Sab,NORMAL,
20170225,13436,Sab,NORMAL,
20170411,20712,Mar,NORMAL,
20171014,18489,Sab,NORMAL,
20180502,16903,Mie,EFECTO F,
20180622,22717,Vie,NORMAL,
20180709,22219,Lun,NORMAL,
20180730,24456,Lun,EFECTO F,
20190129,20529,Mar,NORMAL,
20190429,28264,Lun,NORMAL,
20190703,28505,Mie,NORMAL,
20190917,30938,Mar,COSTADO,
20200123,21896,Jue,NORMAL,
20200519,37355,Mar,NORMAL,
20200709,36056,Jue,NORMAL,
20200807,33240,Vie,NORMAL,
20210512,37634,Mie,NORMAL,
20210914,31096,Mar,NORMAL,
20211102,48400,Mar,EFECTO F,
20170227,21326,Lun,NORMAL,
20170302,24256,Jue,COSTADO,
20180117,18320,Mie,NORMAL,
20180809,16129,Jue,NORMAL,
20181228,25956,Vie,NORMAL,
20200815,31079,Sab,COSTADO,
20200821,31742,Vie,NORMAL,
20200827,37454,Jue,NORMAL,
20200326,32037,Jue,NORMAL,
20200414,35531,Mar,NORMAL,
20200616,44363,Mar,COSTADO,
20210101,7072,Vie,FERIADO,
20210503,44590,Lun,PICO,
20210608,30843,Mar,NORMAL,
20211120,18924,Sab,NORMAL,
20170102,22288,Lun,EFECTO F,
20170731,19371,Lun,PICO,
20170810,13340,Jue,NORMAL,
20170916,16398,Sab,COSTADO,
20170925,16985,Lun,NORMAL,
20171027,20228,Vie,NORMAL,
20171228,19300,Jue,NORMAL,
20180217,15398,Sab,NORMAL,
20181011,22287,Jue,NORMAL,
20190404,23196,Jue,NORMAL,
20200127,27152,Lun,NORMAL,
20200228,33221,Vie,PICO,
20201008,28494,Jue,FERIADO,
20210115,34665,Vie,PICO,
20210529,17359,Sab,NORMAL,
20170109,17468,Lun,NORMAL,
20170123,17490,Lun,NORMAL,
20170705,17880,Mie,NORMAL,
20170802,18240,Mie,COSTADO,
20171009,25459,Lun,EFECTO F,
20180112,18458,Vie,NORMAL,
20180119,16290,Vie,NORMAL,
20180212,18571,Lun,NORMAL,
20180323,18680,Vie,NORMAL,
20180530,23900,Mie,NORMAL,
20181012,20705,Vie,NORMAL,
20181229,23791,Sab,NORMAL,
20210220,19026,Sab,NORMAL,
20190925,23938,Mie,NORMAL,
20191008,14517,Mar,FERIADO,
20200915,37083,Mar,COSTADO,
20210401,20315,Jue,FERIADO,
20210409,26044,Vie,NORMAL,
20210715,39995,Jue,PICO,
20210831,42831,Mar,EFECTO F,
20211119,28812,Vie,NORMAL,
20170330,20402,Jue,NORMAL,
20170510,16622,Mie,NORMAL,
20170516,25201,Mar,COSTADO,
20170519,16330,Vie,NORMAL,
20170819,11804,Sab,NORMAL,
20171128,21153,Mar,NORMAL,
20180131,22952,Mie,PICO,
20180312,18751,Lun,NORMAL,
20180405,21235,Jue,NORMAL,
20180411,16996,Mie,NORMAL,
20180712,21590,Jue,NORMAL,
20180927,19174,Jue,NORMAL,
20181025,18597,Jue,NORMAL,
20190413,16481,Sab,NORMAL,
20200219,26671,Mie,NORMAL,
20201117,40524,Mar,COSTADO,
20210208,35169,Lun,NORMAL,
20210603,38523,Jue,NORMAL,
20210804,48638,Mie,NORMAL,
20211006,35998,Mie,NORMAL,
20211116,46594,Mar,COSTADO,
20170111,15990,Mie,NORMAL,
20170422,12238,Sab,NORMAL,
20170919,19578,Mar,NORMAL,
20180629,13322,Vie,FERIADO,
20180716,33618,Lun,PICO,
20180818,14822,Sab,NORMAL,
20210528,33764,Vie,NORMAL,
20211210,26031,Vie,NORMAL,
20180113,14234,Sab,NORMAL,
20180115,25770,Lun,PICO,
20180406,18949,Vie,NORMAL,
20180416,26284,Lun,PICO,
20180421,14133,Sab,NORMAL,
20180706,21424,Vie,NORMAL,
20180802,22451,Jue,COSTADO,
20180816,24401,Jue,COSTADO,
20171016,25290,Lun,PICO,
20180214,18396,Mie,NORMAL,
20180222,16518,Jue,NORMAL,
20180621,23249,Jue,NORMAL,
20190320,19509,Mie,NORMAL,
20200305,32178,Jue,NORMAL,
20200624,36354,Mie,NORMAL,
20200801,31662,Sab,COSTADO,
20200917,38585,Jue,NORMAL,
20201027,32121,Mar,NORMAL,
20201118,37209,Mie,NORMAL,
20201119,34076,Jue,NORMAL,
20210821,26164,Sab,NORMAL,
20170118,17973,Mie,NORMAL,
20170424,20319,Lun,NORMAL,
20171028,16003,Sab,NORMAL,
20180330,6973,Vie,FERIADO,
20180501,160,Mar,FERIADO,
20180801,27081,Mie,PICO,
20190330,23023,Sab,PICO,
20190530,27873,Jue,NORMAL,
20190820,31811,Mar,NORMAL,
20191101,13779,Vie,FERIADO,
20191206,29481,Vie,NORMAL,
20200319,32399,Jue,NORMAL,
20210226,31024,Vie,NORMAL,
20210721,33366,Mie,NORMAL,
20210814,32015,Sab,NORMAL,
20170303,15971,Vie,NORMAL,
20170410,21180,Lun,NORMAL,
20170525,12712,Jue,NORMAL,
20170615,17607,Jue,PICO,
20171108,19228,Mie,NORMAL,
20171123,17553,Jue,NORMAL,
20180315,21747,Jue,PICO,
20181231,23988,Lun,PICO,
20190116,28872,Mie,NORMAL,
20190130,22222,Mie,NORMAL,
20190308,18723,Vie,NORMAL,
20190627,28099,Jue,NORMAL,
20190926,23746,Jue,NORMAL,
20200116,26322,Jue,COSTADO,
20200525,41108,Lun,NORMAL,
20200610,49721,Mie,NORMAL,
20210122,31446,Vie,NORMAL,
20210126,34621,Mar,NORMAL,
20210408,27966,Jue,NORMAL,
20210508,25443,Sab,NORMAL,
20211204,21973,Sab,NORMAL,
20170529,18277,Lun,NORMAL,
20170929,23669,Vie,PICO,
20171006,23074,Vie,NORMAL,
20171205,20232,Mar,NORMAL,
20180105,20072,Vie,NORMAL,
20180904,30091,Mar,COSTADO,
20190419,6019,Vie,FERIADO,
20191115,34993,Vie,PICO,
20200417,39611,Vie,NORMAL,
20211004,41747,Lun,NORMAL,
20180508,20849,Mar,NORMAL,
20180526,14494,Sab,NORMAL,
20180626,19500,Mar,NORMAL,
20190426,21886,Vie,NORMAL,
20190731,34405,Mie,PICO,
20200205,34137,Mie,NORMAL,
20200210,30204,Lun,NORMAL,
20200427,33065,Lun,NORMAL,
20201009,29771,Vie,EFECTO F,
20210123,24035,Sab,NORMAL,
20210128,34195,Jue,NORMAL,
20210204,34277,Jue,NORMAL,
20210323,28995,Mar,NORMAL,
20210724,27229,Sab,NORMAL,
20211123,28079,Mar,NORMAL,
20170609,15757,Vie,NORMAL,
20170620,18510,Mar,NORMAL,
20180601,24914,Vie,PICO,
20180814,22742,Mar,NORMAL,
20190704,23622,Jue,NORMAL,
20191014,28663,Lun,PICO,
20191111,32001,Lun,NORMAL,
20200511,33984,Lun,NORMAL,
20200711,24435,Sab,NORMAL,
20200925,28475,Vie,NORMAL,
20201023,29561,Vie,NORMAL,
20210211,27481,Jue,NORMAL,
20210305,31169,Vie,NORMAL,
20170405,19123,Mie,NORMAL,
